planet_name,NOBS,REF,RMS,URL
11 Com b,46.0,Liu 2008,25.5,http://adsabs.harvard.edu/abs/2008ApJ...672..553L
11 UMi b,58.0,Dollinger 2009,28.0,http://adsabs.harvard.edu/abs/2009A%26A...505.1311D
14 And b,34.0,Sato 2008,20.3,http://adsabs.harvard.edu/abs/2008PASJ...60.1317S
14 Her b,49.0,Wittenmeyer 2007,5.6,http://adsabs.harvard.edu/abs/2007ApJ...654..625W
16 Cyg B b,95.0,Butler 2006,7.3,http://adsabs.harvard.edu/abs/2006ApJ...646..505B
18 Del b,51.0,Sato 2008,15.5,http://adsabs.harvard.edu/abs/2008PASJ...60..539S
24 Sex b,24.0,Johnson 2011,4.8,http://adsabs.harvard.edu/abs/2011AJ....141...16J
24 Sex c,24.0,Johnson 2011,6.8,http://adsabs.harvard.edu/abs/2011AJ....141...16J
30 Ari B b,,Guenther 2009,40.0,http://adsabs.harvard.edu/abs/2009A%26A...507.1659G
4 Uma b,,Dollinger 2007,28.8,http://adsabs.harvard.edu/abs/2007A%26A...472..649D
42 Dra b,39.0,Dollinger 2009,26.0,http://adsabs.harvard.edu/abs/2009A%26A...499..935D
47 Uma b,,Gregory 2010,6.5,http://adsabs.harvard.edu/abs/2010MNRAS.403..731G
47 Uma c,,Gregory 2010,6.5,http://adsabs.harvard.edu/abs/2010MNRAS.403..731G
47 Uma d,,,,
51 Peg b,256.0,Butler 2006,7.0,http://adsabs.harvard.edu/abs/2006ApJ...646..505B
55 Cnc b,663.0,Endl 2012,7.55,http://adsabs.harvard.edu/abs/2012ApJ...759...19E
55 Cnc c,6663.0,Endl 2012,7.55,http://adsabs.harvard.edu/abs/2012ApJ...759...19E
55 Cnc d,663.0,Endl 2012,7.55,http://adsabs.harvard.edu/abs/2012ApJ...759...19E
55 Cnc f,663.0,Endl 2012,7.55,http://adsabs.harvard.edu/abs/2012ApJ...759...19E
6 Lyn b,30.0,Bowler 2010,,http://adsabs.harvard.edu/abs/2010ApJ...709..396B
61 Vir b,,Vogt 2010,2.17,http://adsabs.harvard.edu/abs/2010ApJ...708.1366V
61 Vir c,,Vogt 2010,2.17,http://adsabs.harvard.edu/abs/2010ApJ...708.1366V
61 Vir d,,Vogt 2010,2.17,http://adsabs.harvard.edu/abs/2010ApJ...708.1366V
7 CMa b,21.0,Wittenmyer 2011,21.0,http://adsabs.harvard.edu/abs/2011ApJ...743..184W
70 Vir b,74.0,Butler 2006,7.4,http://adsabs.harvard.edu/abs/2006ApJ...646..505B
75 Cet b,74.0,Sato 2012,10.8,http://adsabs.harvard.edu/abs/2012PASJ...64..135S
81 Cet b,33.0,Sato 2008,9.2,http://adsabs.harvard.edu/abs/2008PASJ...60.1317S
91 Aqr b,,Mitchell 2013,18.9,http://adsabs.harvard.edu/abs/2013A%26A...555A..87M
alfpha Ari b,,,,
alfpha Cen B b,,,,
BD -08 2823 b,83.0,Hebrard 2010,4.3,http://adsabs.harvard.edu/abs/2010A%26A...512A..46H
BD -08 2823 c,83.0,Hebrard 2010,4.3,http://adsabs.harvard.edu/abs/2010A%26A...512A..46H
BD -10 3166 b,31.0,Butler 2006,5.7,http://adsabs.harvard.edu/abs/2006ApJ...646..505B
BD -11 4672 b,,,,
BD -17 63 b,,,,
BD +14 4559 b,43.0,Niedzielski 2009,11.43,http://adsabs.harvard.edu/abs/2009ApJ...707..768N
BD +20 2457 b,37.0,Niedzielski 2009,60.02,http://adsabs.harvard.edu/abs/2009ApJ...707..768N
BD +20 2457 c,37.0,Niedzielski 2009,60.02,http://adsabs.harvard.edu/abs/2009ApJ...707..768N
BD +20 274 b,,,,
BD +24 4697 b,,,,
BD +26 1888 b,,,,
BD +48 738 b,54.0,Gettel 2012,16.0,http://adsabs.harvard.edu/abs/2012ApJ...745...28G
BD +49 828 b,,,,
CoRoT-7 c,,,,
epsilon CrB b,52.0,Lee 2012,25.0,http://adsabs.harvard.edu/abs/2012A%26A...546A...5L
epsilon Eridani b,,,,
epsilon Tau b,20.0,Sato 2007,9.9,http://adsabs.harvard.edu/abs/2007ApJ...661..527S
gamma Leo A b,205.0,Han 2010,43.0,http://adsabs.harvard.edu/abs/2010A%26A...509A..24H
gamma Cep b,131.0,Hatzes 2003,15.0,http://adsabs.harvard.edu/abs/2003ApJ...599.1383H
GJ 163 b,153.0,Bonfils 2013,,http://adsabs.harvard.edu/abs/2013A%26A...556A.110B
GJ 163 c,153.0,Bonfils 2013,,http://adsabs.harvard.edu/abs/2013A%26A...556A.110B
GJ 163 d,153.0,Bonfils 2013,,http://adsabs.harvard.edu/abs/2013A%26A...556A.110B
GJ 176 b,,Forveille 2009,2.5,http://adsabs.harvard.edu/abs/2009A%26A...493..645F
GJ 179 b,34.0,Howard 2010,9.51,http://adsabs.harvard.edu/abs/2010ApJ...721.1467H
GJ 3021 b,,,,
GJ 317 b,37.0,Anglada-Escude 2012,7.4,http://adsabs.harvard.edu/abs/2012ApJ...746...37A
GJ 317 c,,,,
GJ 328 b,,Robertson 2013,,http://adsabs.harvard.edu/abs/2013arXiv1307.7640R
GJ 3634 b,54.0,Bonfils 2011,,http://adsabs.harvard.edu/abs/2011A%26A...528A.111B
GJ 433 b,233.0,Delfosse 2013,2.39,http://adsabs.harvard.edu/abs/2013A%26A...553A...8D
GJ 433 c,,,,
GJ 436 b,59.0,Maness 2007,4.27,http://adsabs.harvard.edu/abs/2007PASP..119...90M
GJ 536,,,,
GJ 581 b,240.0,Forveille 2011,1.79,http://xxx.lanl.gov/abs/1109.2505
GJ 581 c,240.0,Forveille 2011,1.79,http://xxx.lanl.gov/abs/1109.2505
GJ 581 e,240.0,Forveille 2011,1.79,http://xxx.lanl.gov/abs/1109.2505
GJ 667 C b,179.0,Robertson 2014,1.73,http://adsabs.harvard.edu/abs/2014ApJ...793L..24R
GJ 667 C c,179.0,Robertson 2014,1.73,http://arxiv.org/abs/1409.0021
GJ 667 C d,,,,
GJ 667 C e,,,,
GJ 667 C f,,,,
GJ 667 C g,,,,
GJ 674 b,,Bonfils 2007,,http://adsabs.harvard.edu/abs/2007A%26A...474..293B
GJ 676 A b,69.0,Forveille 2011,3.4,http://adsabs.harvard.edu/abs/2011A%26A...526A.141F
GJ 676 A c,,,,
GJ 676 A d,,,,
GJ 676 A e,,,,
GJ 785 b,,,,
GJ 785 c,,,,
GJ 832 b,32.0,Wittenmyer 2014,5.5,http://adsabs.harvard.edu/abs/2014ApJ...791..114W
GJ 832 c,109.0,Wittenmyer 2014,,http://adsabs.harvard.edu/abs/2014ApJ...791..114W
GJ 849 b,27.0,Bonfils 2013,4.8,http://adsabs.harvard.edu/abs/2013A%26A...549A.109B
GJ 849 c,,,,
GJ 86 A b,,,,
GJ 876 b,155.0,Rivera 2010,2.9604,http://adsabs.harvard.edu/abs/2010ApJ...719..890R
GJ 876 c,155.0,Rivera 2010,4.59,http://adsabs.harvard.edu/abs/2010ApJ...719..890R
GJ 876 d,155.0,Rivera 2010,2.9604,http://adsabs.harvard.edu/abs/2010ApJ...719..890R
GJ 876 e,115.0,Rivera 2010,2.9604,http://adsabs.harvard.edu/abs/2010ApJ...719..890R
HAT-P-17 c,,,,
HD 100655 b,45.0,Omiya 2012,11.2,http://adsabs.harvard.edu/abs/2012PASJ...64...34O
HD 100777 b,29.0,Naef 2007,1.7,http://adsabs.harvard.edu/abs/2007A%26A...470..721N
HD 10180 c,190.0,Lovis 2011,1.27,http://adsabs.harvard.edu/abs/2011A%26A...528A.112L
HD 10180 d,190.0,Lovis 2011,1.27,http://adsabs.harvard.edu/abs/2011A%26A...528A.112L
HD 10180 e,190.0,Lovis 2011,1.27,http://adsabs.harvard.edu/abs/2011A%26A...528A.112L
HD 10180 f,190.0,Lovis 2011,1.27,http://adsabs.harvard.edu/abs/2011A%26A...528A.112L
HD 10180 g,190.0,Lovis 2011,1.27,http://adsabs.harvard.edu/abs/2011A%26A...528A.112L
HD 10180 h,190.0,Lovis 2011,1.27,http://adsabs.harvard.edu/abs/2011A%26A...528A.112L
HD 101930 b,16.0,Lovis 2005,1.8,http://adsabs.harvard.edu/abs/2005A%26A...437.1121L
HD 102117 b,44.0,Butler 2006,3.8,http://adsabs.harvard.edu/abs/2006ApJ...646..505B
HD 102195 b,19.0,Melo 2007,6.1,http://adsabs.harvard.edu/abs/2007A%26A...467..721M
HD 102272 b,37.0,Niedzielski 2008,15.4,http://adsabs.harvard.edu/abs/2009ApJ...693..276N
HD 102272 c,,,,
HD 102329 b,20.0,Johnson 2011,7.2,http://adsabs.harvard.edu/abs/2011ApJS..197...26J
HD 102365 b,149.0,Tinney 2011,2.53,http://adsabs.harvard.edu/abs/2011ApJ...727..103T
HD 102956 b,27.0,Johnson 2010,6.0,http://adsabs.harvard.edu/abs/2010ApJ...721L.153J
HD 103197 b,58.0,Mordasini 2011,1.4,http://adsabs.harvard.edu/abs/2011A%26A...526A.111M
HD 103720 b,,,,
HD 103774 b,103.0,Lo Curto 2013,11.43,http://arxiv.org/abs/1301.2741
HD 104067 b,88.0,Segransan 2011,4.6,http://adsabs.harvard.edu/abs/2011A%26A...535A..54S
HD 104985 b,52.0,Sato 2008,26.6,http://adsabs.harvard.edu/abs/2008PASJ...60..539S
HD 106252 b,110.0,Wittenmyer 2009,12.2,http://adsabs.harvard.edu/abs/2009ApJS..182...97W
HD 106270 b,20.0,Johnson 2011,8.4,http://adsabs.harvard.edu/abs/2011ApJS..197...26J
HD 10647 b,28.0,Butler 2006,9.4,http://adsabs.harvard.edu/abs/2006ApJ...646..505B
HD 106515 A b,,,,
HD 10697 b,131.0,Wittenmyer 2009,8.1,http://adsabs.harvard.edu/abs/2009ApJS..182...97W
HD 107148 b,35.0,Butler 2006,4.4,http://adsabs.harvard.edu/abs/2006ApJ...646..505B
HD 108147 b,54.0,Butler 2006,12.0,http://adsabs.harvard.edu/abs/2006ApJ...646..505B
HD 108341 b,24.0,Moutou 2015,,http://adsabs.harvard.edu/abs/2015A%26A...576A..48M
HD 108863 b,24.0,Johnson 2011,5.1,http://adsabs.harvard.edu/abs/2011ApJS..197...26J
HD 108874 b,55.0,Wright 2009,4.02867,http://adsabs.harvard.edu/abs/2009ApJ...693.1084W
HD 108874 c,55.0,Wright 2009,4.02867,http://adsabs.harvard.edu/abs/2005ApJ...632..638V
HD 109246 b,58.0,Boisse 2010,7.7,http://adsabs.harvard.edu/abs/2010A%26A...523A..88B
HD 109271 b,,,,
HD 109271 c,,,,
HD 109749 b,21.0,Fischer 2006,2.73761,http://adsabs.harvard.edu/abs/2006ApJ...637.1094F
HD 111232 b,38.0,Mayor 2004,7.5,http://adsabs.harvard.edu/abs/2004A%26A...415..391M
HD 113538 b,,,,
HD 113538 c,,,,
HD 114386 b,58.0,Mayor 2004,10.2,http://adsabs.harvard.edu/abs/2004A%26A...415..391M
HD 114613 b,223.0,Wittenmyer 2014,3.9,http://adsabs.harvard.edu/abs/2014arXiv1401.5525W
HD 114729 b,42.0,Butler 2006,4.9,http://adsabs.harvard.edu/abs/2006ApJ...646..505B
HD 114762 b,74.0,Kane 2011,27.42,http://adsabs.harvard.edu/abs/2011ApJ...735L..41K
HD 114783 b,88.0,Wittenmyer 2009,6.3,http://adsabs.harvard.edu/abs/2009ApJS..182...97W
HD 11506 b,26.0,Fischer 2007,10.8,http://adsabs.harvard.edu/abs/2007ApJ...669.1336F
HD 11506 c,107.0,Giguere 2015,4.8,http://adsabs.harvard.edu/abs/2015ApJ...799...89G
HD 116029 b,21.0,Johnson 2011,6.9,http://adsabs.harvard.edu/abs/2011ApJS..197...26J
HD 117207 b,43.0,Butler 2006,4.4,http://adsabs.harvard.edu/abs/2006ApJ...646..505B
HD 118203 b,43.0,Da Silva 2006,18.1,http://adsabs.harvard.edu/abs/2006A%26A...446..717D
HD 11964 b,119.0,Wright 2009,3.06749,http://adsabs.harvard.edu/abs/2009ApJ...693.1084W
HD 11964 c,119.0,Wright 2009,3.06749,http://adsabs.harvard.edu/abs/2009ApJ...693.1084W
HD 11977 b,,Setiawan 2005,29.1,http://adsabs.harvard.edu/abs/2005A%26A...437L..31S
HD 120084 b,,Sato 2013,5.8,http://adsabs.harvard.edu/abs/2013arXiv1304.4328S
HD 121504 b,100.0,Mayor 2004,11.6,http://adsabs.harvard.edu/abs/2004A&A...415..391M
HD 122562 b,,,,
HD 12484 b,,,,
HD 125595 b,117.0,Segransan 2011,3.22,http://adsabs.harvard.edu/abs/2011A%26A...535A..54S
HD 125612 b,19.0,Lo Curto 2010 (corrected: priv. comm.),3.7,http://adsabs.harvard.edu/abs/2010A%26A...512A..48L
HD 125612 c,77.0,Lo Curto 2010 (corrected: priv. comm.),3.7,http://adsabs.harvard.edu/abs/2010A%26A...512A..48L
HD 125612 d,,,,
HD 126525 b,,,,
HD 12661 b,107.0,Wright 2009,5.13061,http://adsabs.harvard.edu/abs/2009ApJ...693.1084W
HD 12661 c,107.0,Wright 2009,5.13061,http://adsabs.harvard.edu/abs/2009ApJ...693.1084W
HD 126614 b,,,,
HD 128311 b,154.0,Wittenmyer 2009,16.9,http://adsabs.harvard.edu/abs/2009ApJS..182...97W
HD 128311 c,154.0,Wittenmyer 2009,16.9,http://adsabs.harvard.edu/abs/2009ApJS..182...97W
HD 129445 b,,,,
HD 130322 b,47.0,Wittenmyer 2009,8.9,http://adsabs.harvard.edu/abs/2009ApJS..182...97W
HD 131496 b,43.0,Johnson 2011,6.3,http://adsabs.harvard.edu/abs/2011ApJS..197...26J
HD 13189 b,13.0,Hatzes 2005,54.5,http://adsabs.harvard.edu/abs/2005A&A...437..743H
HD 132406 b,21.0,Da Silva 2007,7.5,http://adsabs.harvard.edu/abs/2007A%26A...473..323D
HD 132563 B b,47.0,Desidera 2011,12.7,http://adsabs.harvard.edu/abs/2011A%26A...533A..90D
HD 134060 b,,,,
HD 134060 c,,,,
HD 134113 b,,,,
HD 134606 b,,,,
HD 134606 c,,,,
HD 134606 d,,,,
HD 134987 b,93.0,Jones 2010,3.3,http://adsabs.harvard.edu/abs/2010MNRAS.403.1703J
HD 134987 c,93.0,Jones 2010,3.3,http://adsabs.harvard.edu/abs/2010MNRAS.403.1703J
HD 136352 b,,,,
HD 136352 c,,,,
HD 136352 d,,,,
HD 136418 b,25.0,Johnson 2010,5.0,http://adsabs.harvard.edu/abs/2010PASP..122..701J
HD 137388 b,62.0,Dumusque 2011,2.39,http://adsabs.harvard.edu/abs/2011A%26A...535A..55D
HD 13808 b,,,,
HD 13808 c,,,,
HD 13908 b,77.0,Moutou 2013,,http://adsabs.harvard.edu/abs/2013arXiv1311.5271M
HD 13908 c,,Moutou 2013,,http://adsabs.harvard.edu/abs/2013arXiv1311.5271M
HD 13931 b,25.0,Howard 2010,3.31,http://adsabs.harvard.edu/abs/2010ApJ...721.1467H
HD 139357 b,42.0,Dollinger 2009,14.14,http://adsabs.harvard.edu/abs/2009A%26A...499..935D
HD 141937 b,81.0,Udry 2002,8.7,http://adsabs.harvard.edu/abs/2002A%26A...390..267U
HD 142 b,53.0,Butler 2006,12.0,http://adsabs.harvard.edu/abs/2006ApJ...646..505B
HD 142 c,,,,
HD 142022 A b,,,,
HD 142415 b,137.0,Mayor 2004,10.6,http://adsabs.harvard.edu/abs/2004A%26A...415..391M
HD 143105 b,,,,
HD 143361 b,12.0,Minniti 2009,3.88,http://adsabs.harvard.edu/abs/2009ApJ...693.1424M
HD 145377 b,64.0,Moutou 2009,15.3,http://adsabs.harvard.edu/abs/2009A%26A...496..513M
HD 145457 b,26.0,Sato 2010,9.7,http://adsabs.harvard.edu/abs/2010PASJ...62.1063S
HD 1461 b,164.0,Rivera 2010,3.43,http://adsabs.harvard.edu/abs/2010ApJ...708.1492R
HD 1461 c,,,,
HD 147018 b,101.0,Segransan 2010,7.39,http://adsabs.harvard.edu/abs/2010A%26A...511A..45S
HD 147018 c,101.0,Segransan 2010,7.39,http://adsabs.harvard.edu/abs/2010A%26A...511A..45S
HD 147513 b,30.0,Mayor 2004,5.7,http://adsabs.harvard.edu/abs/2004A%26A...415..391M
HD 148156 b,42.0,Naef 2010,3.69,http://adsabs.harvard.edu/abs/2010A%26A...523A..15N
HD 148427 b,31.0,Fischer 2009,7.0,http://adsabs.harvard.edu/abs/2009ApJ...703.1545F
HD 149026 b,16.0,Carter 2009,5.72501,http://adsabs.harvard.edu/abs/2009ApJ...696..241C
HD 149143 b,17.0,Fischer 2006,4.72,http://adsabs.harvard.edu/abs/2006ApJ...637.1094F
HD 1502 b,51.0,Johnson 2011,4.7,http://adsabs.harvard.edu/abs/2011ApJS..197...26J
HD 150433 b,,,,
HD 150706 b,,,,
HD 152079 b,,,,
HD 152581 b,24.0,Johnson 2011,4.7,http://adsabs.harvard.edu/abs/2011ApJS..197...26J
HD 153950 b,49.0,Moutou 2009,3.9,http://adsabs.harvard.edu/abs/2009A%26A...496..513M
HD 154088 b,,,,
HD 154345 b,41.0,Wright 2008,2.66176,http://adsabs.harvard.edu/abs/2008ApJ...683L..63W
HD 154672 b,16.0,Lopez-Morales 2008,4.36,http://adsabs.harvard.edu/abs/2008AJ....136.1901L
HD 154857 b,70.0,Wittenmyer 2007,3.2,http://adsabs.harvard.edu/abs/2014arXiv1401.5525W
HD 154857 c,70.0,Wittenmyer 2014,3.2,http://adsabs.harvard.edu/abs/2014arXiv1401.5525W
HD 155358 b,122.0,Robertson 2012,6.14,http://adsabs.harvard.edu/abs/2012ApJ...749...39R
HD 155358 c,122.0,Robert 2012,6.14,http://adsabs.harvard.edu/abs/2012ApJ...749...39R
HD 156279 b,15.0,Diaz 2012,,http://adsabs.harvard.edu/abs/2012A%26A...538A.113D
HD 156411 b,50.0,Naef 2010,2.94,http://adsabs.harvard.edu/abs/2010A%26A...523A..15N
HD 157172 b,,,,
HD 158038 b,24.0,Johnson 2011,6.3,http://adsabs.harvard.edu/abs/2011ApJS..197...26J
HD 159243 b,,Moutou 2013,,http://adsabs.harvard.edu/abs/2013arXiv1311.5271M
HD 159243 c,,Moutou 2013,,http://adsabs.harvard.edu/abs/2013arXiv1311.5271M
HD 159868 b,47.0,Wittenmyer 2012,6.7,http://adsabs.harvard.edu/abs/2012ApJ...753..169W
HD 159868 c,28.0,Wittenmyer 2012,4.08,http://adsabs.harvard.edu/abs/2012ApJ...753..169W
HD 160508 b,,,,
HD 16141 b,71.0,Butler 2006,3.7,http://adsabs.harvard.edu/abs/2006ApJ...646..505B
HD 16175 b,42.0,Peek 2009,9.0,http://adsabs.harvard.edu/abs/2009PASP..121..613P
HD 162020 b,30.0,Udry 2002,8.1,http://adsabs.harvard.edu/abs/2002A%26A...390..267U
HD 163607 b,51.0,Giguere 2012,2.9,http://adsabs.harvard.edu/abs/2012ApJ...744....4G
HD 163607 c,51.0,Giguere 2012,2.9,http://adsabs.harvard.edu/abs/2012ApJ...744....4G
HD 16417 b,88.0,O'Toole 2009,2.6,http://adsabs.harvard.edu/abs/2009ApJ...697.1263O
HD 164509 b,41.0,Giguere 2012,4.9,http://adsabs.harvard.edu/abs/2012ApJ...744....4G
HD 164604 b,18.0,Arriagada 2010,7.5,http://adsabs.harvard.edu/abs/2010ApJ...711.1229A
HD 164922 b,64.0,Butler 2006,3.7,http://adsabs.harvard.edu/abs/2006ApJ...646..505B
HD 164922 c,,,,
HD 166724 b,,,,
HD 167042 b,,Bowler 2010,,http://adsabs.harvard.edu/abs/2010ApJ...709..396B
HD 168443 b,130.0,Pilyavsky 2011 (corrected: priv. comm.),3.9,http://adsabs.harvard.edu/abs/2011ApJ...743..162P
HD 168443 c,130.0,Pilyavsky 2011 (corrected: priv. comm.),3.9,http://adsabs.harvard.edu/abs/2011ApJ...743..162P
HD 168746 b,16.0,Butler 2006,3.9,http://adsabs.harvard.edu/abs/2006ApJ...646..505B
HD 1690 b,42.0,Moutou 2011,29.0,http://adsabs.harvard.edu/abs/2011A%26A...527A..63M
HD 169830 b,112.0,Mayor 2004,8.9,http://adsabs.harvard.edu/abs/2004A%26A...415..391M
HD 169830 c,112.0,Mayor 2004,8.9,http://adsabs.harvard.edu/abs/2004A%26A...415..391M
HD 170469 b,35.0,Fischer 2007,4.18,http://adsabs.harvard.edu/abs/2007ApJ...669.1336F
HD 17092 b,,Niedzielski 2007,,http://adsabs.harvard.edu/abs/2007ApJ...669.1354N
HD 171028 b,48.0,Santos 2011,2.3,http://adsabs.harvard.edu/abs/2011A%26A...526A.112S
HD 171238 b,96.0,Segransan 2010,10.25,http://adsabs.harvard.edu/abs/2010A%26A...511A..45S
HD 17156 b,33.0,Barbieri 2009,3.97,http://adsabs.harvard.edu/abs/2009A%26A...503..601B
HD 173416 b,52.0,Liu 2009,18.5,http://adsabs.harvard.edu/abs/2009RAA.....9....1L
HD 175167 b,13.0,Arriagada 2010,6.91,http://adsabs.harvard.edu/abs/2010ApJ...711.1229A
HD 175541 b,29.0,Johnson 2007,5.6,http://adsabs.harvard.edu/abs/2007ApJ...665..785J
HD 175607 b,,,,
HD 177830 b,54.0,Butler 2006,6.2,http://adsabs.harvard.edu/abs/2006ApJ...646..505B
HD 177830 c,,,,
HD 178911 B b,105.0,Wittenmyer 2009,9.1,http://adsabs.harvard.edu/abs/2009ApJS..182...97W
HD 179079 b,74.0,Valenti 2009,3.88,http://adsabs.harvard.edu/abs/2009ApJ...702..989V
HD 179949 b,88.0,Butler 2006,12.0,http://adsabs.harvard.edu/abs/2006ApJ...646..505B
HD 180314 b,24.0,Sato 2010,12.9,http://adsabs.harvard.edu/abs/2010PASJ...62.1063S
HD 180902 b,12.0,Johnson 2010,3.3,http://adsabs.harvard.edu/abs/2010PASP..122..701J
HD 181342 b,17.0,Johnson 2010,4.7,http://adsabs.harvard.edu/abs/2010PASP..122..701J
HD 181433 b,107.0,Bouchy 2009,1.06,http://adsabs.harvard.edu/abs/2009A%26A...496..527B
HD 181433 c,107.0,Bouchy 2009,1.06,http://adsabs.harvard.edu/abs/2009A%26A...496..527B
HD 181433 d,107.0,Bouchy 2009,1.06,http://adsabs.harvard.edu/abs/2009A%26A...496..527B
HD 181720 b,28.0,Santos 2010,1.37,http://adsabs.harvard.edu/abs/2010A%26A...512A..47S
HD 183263 b,41.0,Wright 2009,3.74,http://adsabs.harvard.edu/abs/2009ApJ...693.1084W
HD 183263 c,41.0,Wright 2009,3.74,http://adsabs.harvard.edu/abs/2009ApJ...693.1084W
HD 185269 b,70.0,Johnson 2006,16.2982,http://adsabs.harvard.edu/abs/2006ApJ...652.1724J
HD 187085 b,33.0,Jones 2006,7.1,http://adsabs.harvard.edu/abs/2006MNRAS.369..249J
HD 187123 b,76.0,Wright 2009,2.52226,http://adsabs.harvard.edu/abs/2009ApJ...693.1084W
HD 187123 c,76.0,Wright 2009,2.52226,http://adsabs.harvard.edu/abs/2007ApJ...657..533W
HD 18742 b,26.0,Johnson 2011,7.9,http://adsabs.harvard.edu/abs/2011ApJS..197...26J
HD 188015 b,44.0,Butler 2006,4.3,http://adsabs.harvard.edu/abs/2006ApJ...646..505B
HD 189567 b,,,,
HD 189733 b,,Bouchy 2005,15.0,http://adsabs.harvard.edu/abs/2005A%26A...444L..15B
HD 190360 b,107.0,Wright 2009,3.10289,http://adsabs.harvard.edu/abs/2009ApJ...693.1084W
HD 190360 c,107.0,Wright 2009,3.10289,http://adsabs.harvard.edu/abs/2009ApJ...693.1084W
HD 190647 b,21.0,Naef 2007,1.6,http://adsabs.harvard.edu/abs/2007A%26A...470..721N
HD 190984 b,,,,
HD 191806 b,,,,
HD 192263 b,31.0,Butler 2006,7.7,http://adsabs.harvard.edu/abs/2006ApJ...646..505B
HD 192699 b,,Bowler 2010,,http://adsabs.harvard.edu/abs/2010ApJ...709..396B
HD 195019 b,154.0,Butler 2006,16.0,http://adsabs.harvard.edu/abs/2006ApJ...646..505B
HD 196050 b,44.0,Butler 2006,8.4,http://adsabs.harvard.edu/abs/2006ApJ...646..505B
HD 196067 b,,,,
HD 196885 A b,,,,
HD 197037 b,113.0,Robertson 2012,8.0,http://adsabs.harvard.edu/abs/2012ApJ...749...39R
HD 19994 b,116.0,Wittenmyer 2009,14.0,http://adsabs.harvard.edu/abs/2009ApJS..182...97W
HD 20003 b,,,,
HD 20003 c,,,,
HD 200964 b,80.0,Johnson 2011,6.8,http://adsabs.harvard.edu/abs/2011AJ....141...16J
HD 200964 c,80.0,Johnson 2011,6.8,http://adsabs.harvard.edu/abs/2011AJ....141...16J
HD 202206 b,,Correia 2005,9.65,http://adsabs.harvard.edu/abs/2005A%26A...440..751C
HD 202206 c,,Correia 2005,9.65,http://adsabs.harvard.edu/abs/2005A%26A...440..751C
HD 20367 b,,,,
HD 2039 b,41.0,Butler 2006,11.0,http://adsabs.harvard.edu/abs/2006ApJ...646..505B
HD 204313 b,36.0,Robertson 2012,7.8,http://adsabs.harvard.edu/abs/2012ApJ...754...50R
HD 204313 c,,,,
HD 204313 d,36.0,Robertson 2012,29.8,http://adsabs.harvard.edu/abs/2012ApJ...754...50R
HD 204941 b,35.0,Dumusque 2011,1.31,http://adsabs.harvard.edu/abs/2011A%26A...535A..55D
HD 205739 b,24.0,Lopez-Morales 2008,8.67,http://adsabs.harvard.edu/abs/2008AJ....136.1901L
HD 206610 b,24.0,Johnson 2010,4.8,http://adsabs.harvard.edu/abs/2010PASP..122..701J
HD 20781 b,,,,
HD 20781 c,,,,
HD 20782 b,36.0,O'Toole 2009,5.6,http://adsabs.harvard.edu/abs/2009MNRAS.392..641O
HD 207832 b,86.0,Haghighipour 2012,8.43,http://adsabs.harvard.edu/abs/2012ApJ...756...91H
HD 207832 c,86.0,Haghighipour 2012,8.43,http://adsabs.harvard.edu/abs/2012ApJ...756...91H
HD 20794 b,187.0,Pepe 2011,0.82,http://adsabs.harvard.edu/abs/2011A%26A...534A..58P
HD 20794 c,187.0,Pepe 2011,0.82,http://adsabs.harvard.edu/abs/2011A%26A...534A..58P
HD 20794 d,187.0,Pepe 2011,0.82,http://adsabs.harvard.edu/abs/2011A%26A...534A..58P
HD 208487 b,35.0,Butler 2006,8.2,http://adsabs.harvard.edu/abs/2006ApJ...646..505B
HD 20868 b,48.0,Moutou 2009,1.7,http://adsabs.harvard.edu/abs/2009A%26A...496..513M
HD 209458 b,64.0,Torres 2008,4.96174,http://adsabs.harvard.edu/abs/2008ApJ...677.1324T
HD 210277 b,69.0,Butler 2006,3.8,http://adsabs.harvard.edu/abs/2006ApJ...646..505B
HD 210702 b,,Bowler 2010,,http://adsabs.harvard.edu/abs/2010ApJ...709..396B
HD 211847 b,,,,
HD 212301 b,23.0,Lo Curto 2006,6.7,http://adsabs.harvard.edu/abs/2006A%26A...451..345L
HD 212771 b,20.0,Johnson 2010,5.8,http://adsabs.harvard.edu/abs/2010PASP..122..701J
HD 213240 b,30.0,Butler 2006,5.0,http://adsabs.harvard.edu/abs/2006ApJ...646..505B
HD 214823 b,,,,
HD 215152 b,,,,
HD 215152 c,,,,
HD 215456 b,,,,
HD 215456 c,,,,
HD 215497 b,105.0,Lo Curto 2010,1.75,http://adsabs.harvard.edu/abs/2010A%26A...512A..48L
HD 215497 c,105.0,Lo Curto 2010,1.75,http://adsabs.harvard.edu/abs/2010A%26A...512A..48L
HD 216435 b,,,,
HD 216437 b,39.0,Butler 2006,5.3,http://adsabs.harvard.edu/abs/2006ApJ...646..505B
HD 216770 b,16.0,Mayor 2004,7.8,http://adsabs.harvard.edu/abs/2004A%26A...415..391M
HD 21693 b,,,,
HD 21693 c,,,,
HD 217107 b,207.0,Wright 2009,11.3027,http://adsabs.harvard.edu/abs/2009ApJ...693.1084W
HD 217107 c,207.0,Wright 2009,11.3027,http://adsabs.harvard.edu/abs/2009ApJ...693.1084W
HD 217786 b,15.0,Moutou 2011,2.5,http://adsabs.harvard.edu/abs/2011A%26A...527A..63M
HD 218566 b,56.0,Meschiari 2011,8.41,http://adsabs.harvard.edu/abs/2011ApJ...727..117M
HD 219077 b,,,,
HD 219134 b,,,,
HD 219134 c,,,,
HD 219134 d,,,,
HD 219134 e,,,,
HD 219134 g,,,,
HD 219134 h,,,,
HD 219415 b,,,,
HD 219828 b,22.0,Melo 2007,1.7,http://adsabs.harvard.edu/abs/2007A%26A...467..721M
HD 219828 c,,,,
HD 220074 b,32.0,Lee 2013,,http://adsabs.harvard.edu/abs/2013A%26A...549A...2L
HD 220689 b,,,,
HD 220773 b,43.0,Robertson 2012,6.57,http://adsabs.harvard.edu/abs/2012ApJ...749...39R
HD 220842 b,,,,
HD 221287 b,26.0,Naef 2007,8.5,http://adsabs.harvard.edu/abs/2007A%26A...470..721N
HD 221585 b,,,,
HD 222155 b,44.0,Boisse 2012,9.9,http://adsabs.harvard.edu/abs/2012A%26A...545A..55B
HD 222582 b,37.0,Butler 2006,3.9,http://adsabs.harvard.edu/abs/2006ApJ...646..505B
HD 224693 b,24.0,Johnson 2006,4.07,http://adsabs.harvard.edu/abs/2006ApJ...647..600J
HD 22781 b,32.0,Diaz 2012,,http://adsabs.harvard.edu/abs/2012A%26A...538A.113D
HD 23079 b,19.0,Butler 2006,4.8,http://adsabs.harvard.edu/abs/2006ApJ...646..505B
HD 23127 b,34.0,O'Toole 2007,12.6,http://adsabs.harvard.edu/abs/2007ApJ...660.1636O
HD 231701 b,17.0,Fischer 2007,5.9,http://adsabs.harvard.edu/abs/2007ApJ...669.1336F
HD 233604 b,,,,
HD 23596 b,108.0,Wittenmyer 2009,8.7,http://adsabs.harvard.edu/abs/2009ApJS..182...97W
HD 240210 b,38.0,Niedzielski 2009,38.9,http://adsabs.harvard.edu/abs/2009ApJ...707..768N
HD 240237 b,40.0,Gettel 2012,36.0,http://adsabs.harvard.edu/abs/2012ApJ...745...28G
HD 24040 b,100.0,Boisse 2012,5.46237,http://adsabs.harvard.edu/abs/2012A%26A...545A..55B
HD 25171 b,24.0,Moutou 2011,3.4,http://adsabs.harvard.edu/abs/2011A%26A...527A..63M
HD 2638 b,28.0,Moutou 2005,3.3,http://adsabs.harvard.edu/abs/2005A%26A...439..367M
HD 27442 b,,,,
HD 27631 b,,,,
HD 27894 b,20.0,Moutou 2005,4.0,http://adsabs.harvard.edu/abs/2005A%26A...439..367M
HD 28185 b,15.0,Minniti 2009,7.33,http://adsabs.harvard.edu/abs/2009ApJ...693.1424M
HD 28254 b,32.0,Naef 2010,2.19,http://adsabs.harvard.edu/abs/2010A%26A...523A..15N
HD 283668 b,,,,
HD 285507 b,,Quinn 2014,,http://adsabs.harvard.edu/abs/2014ApJ...787...27Q
HD 28678 b,30.0,Johnson 2011,6.1,http://adsabs.harvard.edu/abs/2011ApJS..197...26J
HD 290327 b,18.0,Naef 2010,1.6,http://adsabs.harvard.edu/abs/2010A%26A...523A..15N
HD 30177 b,22.0,Butler 2006,10.0,http://adsabs.harvard.edu/abs/2006ApJ...646..505B
HD 30177 c,,,,
HD 30562 b,45.0,Fischer 2009,7.56,http://adsabs.harvard.edu/abs/2009ApJ...703.1545F
HD 30669 b,,,,
HD 30856 b,16.0,Johnson 2011,5.2,http://adsabs.harvard.edu/abs/2011ApJS..197...26J
HD 31253 b,39.0,Meschiari 2011,4.23,http://adsabs.harvard.edu/abs/2011ApJ...727..117M
HD 31527 b,,,,
HD 31527 c,,,,
HD 31527 d,,,,
HD 32518 b,58.0,Dollinger 2009,18.0,http://adsabs.harvard.edu/abs/2009A%26A...505.1311D
HD 330075 b,21.0,Pepe 2004,2.0,http://adsabs.harvard.edu/abs/2004A%26A...423..385P
HD 33142 b,33.0,Johnson 2011,8.3,http://adsabs.harvard.edu/abs/2011ApJS..197...26J
HD 33283 b,25.0,Johnson 2006,3.6,http://adsabs.harvard.edu/abs/2006ApJ...647..600J
HD 34445 b,97.0,Howard 2010,7.31,http://adsabs.harvard.edu/abs/2010ApJ...721.1467H
HD 35759 b,,,,
HD 37124 b,66.0,Wright 2011,4.03,http://adsabs.harvard.edu/abs/2011ApJ...730...93W
HD 37124 c,66.0,Wright 2011,4.03,http://adsabs.harvard.edu/abs/2011ApJ...730...93W
HD 37124 d,66.0,Wright 2011,4.03,http://adsabs.harvard.edu/abs/2011ApJ...730...93W
HD 37605 b,101.0,Wang 2012,7.61,http://adsabs.harvard.edu/abs/2012ApJ...761...46W
HD 37605 c,101.0,Wang 2012,7.61,http://adsabs.harvard.edu/abs/2012ApJ...761...46W
HD 38283 b,52.0,Tinney 2011,4.3,http://adsabs.harvard.edu/abs/2011ApJ...732...31T
HD 38529 b,175.0,Wright 2009,12.4633,http://adsabs.harvard.edu/abs/2009ApJ...693.1084W
HD 38529 c,175.0,Wright 2009,12.4633,http://adsabs.harvard.edu/abs/2009ApJ...693.1084W
HD 38801 b,21.0,Harakawa 2010,6.5,http://adsabs.harvard.edu/abs/2010ApJ...715..550H
HD 38858 b,,,,
HD 39091 b,42.0,Butler 2006,5.5,http://adsabs.harvard.edu/abs/2006ApJ...646..505B
HD 39194 b,,,,
HD 39194 c,,,,
HD 39194 d,,,,
HD 39392 b,,,,
HD 40307 b,135.0,Mayor 2009,0.85,http://adsabs.harvard.edu/abs/2009A%26A...493..639M
HD 40307 c,135.0,Mayor 2009,0.85,http://adsabs.harvard.edu/abs/2009A%26A...493..639M
HD 40307 d,135.0,Mayor 2009,0.85,http://adsabs.harvard.edu/abs/2009A%26A...493..639M
HD 40307 e,,,,
HD 40307 f,,,,
HD 40307 g,,,,
HD 40979 b,160.0,Wittenmyer 2009,20.3,http://adsabs.harvard.edu/abs/2009ApJS..182...97W
HD 41004 A b,,,,
HD 4113 b,130.0,Tamuz 2008,8.4,http://adsabs.harvard.edu/abs/2008A%26A...480L..33T
HD 4203 b,23.0,Butler 2006,4.1,http://adsabs.harvard.edu/abs/2006ApJ...646..505B
HD 4203 c,,,,
HD 4208 b,41.0,Butler 2006,3.4,http://adsabs.harvard.edu/abs/2006ApJ...646..505B
HD 4308 b,41.0,Udry 2006,1.3,http://adsabs.harvard.edu/abs/2006A%26A...447..361U
HD 4313 b,28.0,Johnson 2010,3.7,http://adsabs.harvard.edu/abs/2010PASP..122..701J
HD 43197 b,33.0,Naef 2010,1.42,http://adsabs.harvard.edu/abs/2010A%26A...523A..15N
HD 43691 b,36.0,Da Silva 2007,10.0,http://adsabs.harvard.edu/abs/2007A%26A...473..323D
HD 44219 b,46.0,Naef 2010,2.39,http://adsabs.harvard.edu/abs/2010A%26A...523A..15N
HD 45184 b,,,,
HD 45350 b,38.0,Endl 2006,7.3,http://adsabs.harvard.edu/abs/2006AJ....131.3131E
HD 45364 b,58.0,Correia 2009,1.416,http://adsabs.harvard.edu/abs/2009A%26A...496..521C
HD 45364 c,58.0,Correia 2009,1.416,http://adsabs.harvard.edu/abs/2009A%26A...496..521C
HD 45652 b,44.0,Santos 2008,8.9,http://adsabs.harvard.edu/abs/2008A%26A...487..369S
HD 46375 b,50.0,Butler 2006,4.2,http://adsabs.harvard.edu/abs/2006ApJ...646..505B
HD 47186 b,66.0,Bouchy 2009,0.91,http://adsabs.harvard.edu/abs/2009A%26A...496..527B
HD 47186 c,66.0,Bouchy 2009,0.91,http://adsabs.harvard.edu/abs/2009A%26A...496..527B
HD 4732 b,67.0,Sato 2013,,http://adsabs.harvard.edu/abs/2013ApJ...762....9S
HD 4732 c,67.0,Sato 2013,,http://adsabs.harvard.edu/abs/2013ApJ...762....9S
HD 47536 b,,,,
HD 48265 b,17.0,Minniti 2009,5.14,http://adsabs.harvard.edu/abs/2009ApJ...693.1424M
HD 49674 b,39.0,Butler 2006,4.7,http://adsabs.harvard.edu/abs/2006ApJ...646..505B
HD 50499 b,37.0,Vogt 2005,4.62624,http://adsabs.harvard.edu/abs/2005ApJ...632..638V
HD 50554 b,51.0,Butler 2006,12.0,http://adsabs.harvard.edu/abs/2006ApJ...646..505B
HD 51608 b,,,,
HD 51608 c,,,,
HD 5319 b,30.0,Robinson 2007,6.08,http://adsabs.harvard.edu/abs/2007ApJ...670.1391R
HD 5319 c,81.0,Giguere 2015,7.18,http://adsabs.harvard.edu/abs/2015ApJ...799...89G
HD 5583 b,,,,
HD 5608 b,43.0,Sato 2012,6.3,http://adsabs.harvard.edu/abs/2012PASJ...64..135S
HD 564 b,,,,
HD 5891 b,54.0,Johnson 2011,28.4,http://adsabs.harvard.edu/abs/2011ApJS..197...26J
HD 59686 A b,,,,
HD 60532 b,147.0,Desort 2008,4.4,http://adsabs.harvard.edu/abs/2008A%26A...491..883D
HD 60532 c,147.0,Desort 2008,4.4,http://adsabs.harvard.edu/abs/2008A%26A...491..883D
HD 62509 b,,,,
HD 63454 b,34.0,Kane 2011,6.84,http://adsabs.harvard.edu/abs/2011ApJ...737...58K
HD 63765 b,108.0,Segransan 2011,3.41,http://adsabs.harvard.edu/abs/2011A%26A...535A..54S
HD 6434 b,130.0,Mayor 2004,10.6,http://adsabs.harvard.edu/abs/2004A%26A...415..391M
HD 66141 b,,,,
HD 66428 b,29.0,Butler 2006,2.9,http://adsabs.harvard.edu/abs/2006ApJ...646..505B
HD 6718 b,22.0,Naef 2010,1.79,http://adsabs.harvard.edu/abs/2010A%26A...523A..15N
HD 68988 b,28.0,Butler 2006,13.0,http://adsabs.harvard.edu/abs/2006ApJ...646..505B
HD 69830 b,74.0,Lovis 2006,0.81,http://adsabs.harvard.edu/abs/2006Natur.441..305L
HD 69830 c,74.0,Lovis 2006,0.81,http://adsabs.harvard.edu/abs/2006Natur.441..305L
HD 69830 d,74.0,Lovis 2006,0.81,http://adsabs.harvard.edu/abs/2006Natur.441..305L
HD 70642 b,28.0,Butler 2006,4.3,http://adsabs.harvard.edu/abs/2006ApJ...646..505B
HD 7199 b,88.0,Dumusque 2011,2.63,http://adsabs.harvard.edu/abs/2011A%26A...535A..55D
HD 72659 b,50.0,Moutou 2011,3.7,http://adsabs.harvard.edu/abs/2011A%26A...527A..63M
HD 73256 b,40.0,Udry 2003,14.8,http://adsabs.harvard.edu/abs/2003A%26A...407..679U
HD 73267 b,39.0,Moutou 2009,1.7,http://adsabs.harvard.edu/abs/2009A%26A...496..513M
HD 73526 b,30.0,Tinney 2006,7.9,http://adsabs.harvard.edu/abs/2006ApJ...647..594T
HD 73526 c,30.0,Tinney 2006,7.9,http://adsabs.harvard.edu/abs/2006ApJ...647..594T
HD 73534 b,30.0,Valenti 2009,4.0,http://adsabs.harvard.edu/abs/2009ApJ...702..989V
HD 74156 b,206.0,Meschiari 2011,12.8,http://adsabs.harvard.edu/abs/2011ApJ...727..117M
HD 74156 c,206.0,Meschiari 2011,12.8,http://adsabs.harvard.edu/abs/2011ApJ...727..117M
HD 7449 b,142.0,Dumusque 2011,3.81,http://adsabs.harvard.edu/abs/2011A%26A...535A..55D
HD 7449 c,,,,
HD 75289 b,30.0,Butler 2006,6.6,http://adsabs.harvard.edu/abs/2006ApJ...646..505B
HD 75898 b,20.0,Robinson 2007,5.48,http://adsabs.harvard.edu/abs/2007ApJ...670.1391R
HD 76700 b,35.0,Butler 2006,6.9,http://adsabs.harvard.edu/abs/2006ApJ...646..505B
HD 77065 b,,,,
HD 77338 b,32.0,Jenkins 2013,1.74,http://adsabs.harvard.edu/abs/2013ApJ...766...67J
HD 7924 b,93.0,Fulton 2015,2.78,http://adsabs.harvard.edu/abs/2015ApJ...805..175F
HD 7924 c,,Fulton 2015,,http://adsabs.harvard.edu/abs/2015ApJ...805..175F
HD 7924 d,,Fulton 2015,,http://adsabs.harvard.edu/abs/2015ApJ...805..175F
HD 79498 b,53.0,Robertson 2012,5.13,http://adsabs.harvard.edu/abs/2012ApJ...749...39R
HD 80606 b,46.0,Moutou 2009,5.42074,http://adsabs.harvard.edu/abs/2009A%26A...498L...5M
HD 81040 b,26.0,Sozzetti 2006,26.0,http://adsabs.harvard.edu/abs/2006A%26A...449..417S
HD 81688 b,81.0,Sato 2008,24.0,http://adsabs.harvard.edu/abs/2008PASJ...60..539S
HD 82886 b,28.0,Johnson 2011,7.7,http://adsabs.harvard.edu/abs/2011ApJS..197...26J
HD 82943 b,155.0,Tan 2013,4.09,http://adsabs.harvard.edu/abs/2013ApJ...777..101T
HD 82943 c,155.0,Tan 2013,4.09,http://adsabs.harvard.edu/abs/2013ApJ...777..101T
HD 82943 d,,,,
HD 83443 b,51.0,Butler 2006,9.0,http://adsabs.harvard.edu/abs/2006ApJ...646..505B
HD 8535 b,45.0,Naef 2010,2.49,http://adsabs.harvard.edu/abs/2010A%26A...523A..15N
HD 85512 b,185.0,Pepe 2011,0.77,http://adsabs.harvard.edu/abs/2011A%26A...534A..58P
HD 8574 b,128.0,Wittenmyer 2009,14.2,http://adsabs.harvard.edu/abs/2009ApJS..182...97W
HD 86081 b,26.0,Johnson 2006,3.2,http://adsabs.harvard.edu/abs/2006ApJ...647..600J
HD 86226 b,,,,
HD 86264 b,37.0,Fischer 2009,26.2,http://adsabs.harvard.edu/abs/2009ApJ...703.1545F
HD 8673 b,,,,
HD 87883 b,69.0,Fischer 2009,9.2,http://adsabs.harvard.edu/abs/2009ApJ...703.1545F
HD 88133 b,21.0,Butler 2006,6.2,http://adsabs.harvard.edu/abs/2006ApJ...646..505B
HD 89307 b,59.0,Fischer 2009 (corrected: priv. comm.),9.1,http://adsabs.harvard.edu/abs/2009ApJ...703.1545F
HD 90156 b,66.0,Mordasini 2011,1.23,http://adsabs.harvard.edu/abs/2011A%26A...526A.111M
HD 93083 b,16.0,Lovis 2005,2.0,http://adsabs.harvard.edu/abs/2005A%26A...437.1121L
HD 93385 b,,,,
HD 93385 c,,,,
HD 9446 b,79.0,Hebrard 2010,15.1,http://adsabs.harvard.edu/abs/2010A&A...513A..69H
HD 9446 c,79.0,Hebrard 2010,15.1,http://adsabs.harvard.edu/abs/2010A&A...513A..69H
HD 95089 b,22.0,Johnson 2010,5.7,http://adsabs.harvard.edu/abs/2010PASP..122..701J
HD 96063 b,15.0,Johnson 2011,5.4,http://adsabs.harvard.edu/abs/2011ApJS..197...26J
HD 96127 b,50.0,Gettel 2012,50.0,http://adsabs.harvard.edu/abs/2012ApJ...745...28G
HD 96167 b,47.0,Peek 2009,4.6,http://adsabs.harvard.edu/abs/2009PASP..121..613P
HD 96700 b,,,,
HD 96700 c,,,,
HD 97658 b,,Dragomir 2013,2.78,http://adsabs.harvard.edu/abs/2013arXiv1305.7260D
HD 98219 b,17.0,Johnson 2011,3.6,http://adsabs.harvard.edu/abs/2011ApJS..197...26J
HD 98649 b,,,,
HD 99109 b,41.0,Butler 2006,6.3,http://adsabs.harvard.edu/abs/2006ApJ...646..505B
HD 99492 b,51.0,Butler 2006,3.6,http://adsabs.harvard.edu/abs/2006ApJ...646..505B
HD 99706 b,24.0,Johnson 2011,3.7,http://adsabs.harvard.edu/abs/2011ApJS..197...26J
HIP 107773 b,,,,
HIP 109384 b,,,,
HIP 109600 b,,,,
HIP 11915,,,,
HIP 12961 b,46.0,Forveille 2011,3.9,http://adsabs.harvard.edu/abs/2011A%26A...526A.141F
HIP 14810 b,53.0,Wright 2009,2.28543,http://adsabs.harvard.edu/abs/2009ApJ...699L..97W
HIP 14810 c,53.0,Wright 2009,2.28543,http://adsabs.harvard.edu/abs/2009ApJ...699L..97W
HIP 14810 d,53.0,Wright 2009,2.28543,http://adsabs.harvard.edu/abs/2009ApJ...699L..97W
HIP 5158 b,57.0,Lo Curto 2010,2.47,http://adsabs.harvard.edu/abs/2010A%26A...512A..48L
HIP 5158 c,,,,
HIP 57050 b,37.0,Haghighipour 2010,9.23,http://adsabs.harvard.edu/abs/2010ApJ...715..271H
HIP 57274 b,99.0,Fischer 2012,3.15,http://adsabs.harvard.edu/abs/2012ApJ...745...21F
HIP 57274 c,99.0,Fischer 2012,3.15,http://adsabs.harvard.edu/abs/2012ApJ...745...21F
HIP 57274 d,99.0,Fischer 2012,3.15,http://adsabs.harvard.edu/abs/2012ApJ...745...21F
HIP 65407 b,,,,
HIP 65407 c,,,,
HIP 67537 b,,,,
HIP 75458 b,,,,
HIP 79431 b,13.0,Apps 2010,3.9,http://adsabs.harvard.edu/abs/2010PASP..122..156A
HIP 91258 b,27.0,Moutou 2013,,http://adsabs.harvard.edu/abs/2013arXiv1311.5271M
HR 810 b,,,,
kappa CrB b,,Bonsor 2013,,http://adsabs.harvard.edu/abs/2013MNRAS.431.3025B
Kapteyn's b,,,,
Kapteyn's c,,,,
KELT-6 c,,,,
xi Aql b,26.0,Sato 2008,22.3,http://adsabs.harvard.edu/abs/2008PASJ...60..539S
mu Ara b,170.0,Pepe 2007,4.7,http://adsabs.harvard.edu/abs/2007A%26A...462..769P
mu Ara c,170.0,Pepe 2007,4.7,http://adsabs.harvard.edu/abs/2007A%26A...462..769P
mu Ara d,170.0,Pepe 2007,1.73,http://adsabs.harvard.edu/abs/2007A%26A...462..769P
mu Ara e,170.0,Pepe 2007,1.73,http://adsabs.harvard.edu/abs/2007A%26A...462..769P
mu Leo b,,Lee 2014,,http://adsabs.harvard.edu/abs/2014A%26A...566A..67L
NGC 2423 3 b,46.0,Lovis 2007,18.3,http://adsabs.harvard.edu/abs/2007A&A...472..657L
NGC 4349 127 b,20.0,Lovis 2007,12.6,http://adsabs.harvard.edu/abs/2007A&A...472..657L
nu Oph b,,,,
nu Oph c,,,,
omega Ser b,123.0,Sato 2013,17.0,http://arxiv.org/abs/1304.4328
omicron CrB b,85.0,Sato 2012,16.4,http://adsabs.harvard.edu/abs/2012PASJ...64..135S
omicron UMa b,26.0,Sato 2012,7.6,http://adsabs.harvard.edu/abs/2012PASJ...64..135S
SAND364 b,,,,
tau Boo b,98.0,Brogi 2012,62.0,http://adsabs.harvard.edu/abs/2012Natur.486..502B
TYC+1422-614-1 b,,,,
TYC+1422-614-1 c,,,,
ups And b,,,,
ups And c,,,,
ups And d,,,,
ups And e,,,,
WASP-41 c,100.0,Neveu-VanMalle 2015,,http://adsabs.harvard.edu/abs/2016A%26A...586A..93N
WASP-47 c,46.0,Neveu-VanMalle 2016,10.6,http://adsabs.harvard.edu/abs/2016A%26A...586A..93N
WASP-94 B b,21.0,Neveu-VanMalle 2014,7.16,http://adsabs.harvard.edu/abs/2014A%26A...572A..49N
XO-2S b,63.0,Desidera 2014,3.1,http://adsabs.harvard.edu/abs/2014A%26A...567L...6D
XO-2S c,63.0,Desidera 2014,3.1,http://adsabs.harvard.edu/abs/2014A%26A...567L...6D
GJ 649 b,44.0,Johnson 2010,4.2,http://adsabs.harvard.edu/abs/2010PASP..122..149J
GJ 649 c,,,,
HD 110014 b,,,,
HD 110014 c,,,,
HD 117618 b,57.0,Butler 2006,5.5,http://adsabs.harvard.edu/abs/2006ApJ...646..505B
HD 117618 c,,,,
HD 3651 b,202.0,Wittenmyer 2009,6.3,http://adsabs.harvard.edu/abs/2009ApJS..182...97W
HD 3651 c,,,,
HD 52265 b,28.0,Butler 2006,10.0,http://adsabs.harvard.edu/abs/2006ApJ...646..505B
HD 52265 c,,,,
HD 65216 b,70.0,Mayor 2004,6.8,http://adsabs.harvard.edu/abs/2004A%26A...415..391M
HD 65216 c,,,,
HD 85390 b,58.0,Mordasini 2011,1.15,http://adsabs.harvard.edu/abs/2011A%26A...526A.111M
HD 85390 c,,,,
HD 89744 b,92.0,Wittenmyer 2009,15.2,http://adsabs.harvard.edu/abs/2009ApJS..182...97W
HD 89744 c,,,,
HD 92788 b,58.0,Butler 2006,7.9,http://adsabs.harvard.edu/abs/2006ApJ...646..505B
HD 92788 c,,,,
BD +73 0275 b,,,,
GJ 623 b,,,,
HIP 103019 b,,,,
HD 10844 b,,,,
HD 131664 b,41.0,Moutou 2009,4.0,http://adsabs.harvard.edu/abs/2009A%26A...496..513M
HD 132032 b,,,,
HD 134169 b,,,,
HD 137510 b,,,,
HD 14348 b,,,,
HD 14651 b,,,,
HD 154697 b,,,,
HD 164427 b,,,,
HD 16702 b,,,,
HD 167215 b,,,,
HD 16760 b,27.0,Sato 2009,4.3,http://adsabs.harvard.edu/abs/2009ApJ...703..671S
HD 167665 b,,,,
HD 17289 b,,,,
HD 18757 b,,,,
HD 189310 b,,,,
HD 209262 b,,,,
HD 30246 b,,,,
HD 30501 b,,,,
HD 3277 b,,,,
HD 43848 b,,,,
HD 4747 b,,,,
HD 51813 b,,,,
HD 52756 b,,,,
HD 53680 b,,,,
HD 56709 b,,,,
HD 6664 b,,,,
HD 72946 b,,,,
HD 74014 b,,,,
HD 89707 b,,,,
HD 92320 b,,,,
8 Umi b,26.0,Lee 2015,,http://adsabs.harvard.edu/abs/2015A%26A...584A..79L
Aldebaran b,,,,
BD -06 1339 b,,,,
BD -06 1339 c,,,,
BD -06 1339 d,,,,
BD +15 2375 b,,,,
BD +15 2940 b,,,,
beta Cnc b,,,,
beta Umi b,,,,
eta Cet b,,Trifonov 2014,15.28,http://adsabs.harvard.edu/abs/2014A%26A...568A..64T
eta Cet c,,Trifonov 2014,,http://adsabs.harvard.edu/abs/2014A%26A...568A..64T
GJ 15 A b,116.0,Howard 2014,1.93,http://adsabs.harvard.edu/abs/2014ApJ...794...51H
GJ 3293 b,145.0,Astudillo-Defru 2015,2.86,http://adsabs.harvard.edu/abs/2015A%26A...575A.119A
GJ 3293 d,,,,
GJ 3341 b,135.0,Astudillo-Defru 2015,2.86,http://adsabs.harvard.edu/abs/2015A%26A...575A.119A
GJ 3998 b,,,,
GJ 3998 c,,,,
HAT-P-13 c,105.0,Winn 2010,3.6,http://adsabs.harvard.edu/abs/2010ApJ...718..575W
HD 10442 b,43.0,Giguere 2015,5.98,http://adsabs.harvard.edu/abs/2015ApJ...799...89G
HD 113337 b,266.0,Borgniet 2013,,http://adsabs.harvard.edu/abs/2013arXiv1310.1994B
HD 11755 b,20.0,Lee 2015,,http://adsabs.harvard.edu/abs/2015A%26A...584A..79L
HD 119445 b,,,,
HD 12648 b,28.0,Lee 2015,29.8,http://adsabs.harvard.edu/abs/2015A%26A...584A..79L
HD 128356 b,,,,
HD 133131 A b,,,,
HD 133131 A c,,,,
HD 133131 B b,,,,
HD 14067 b,,,,
HD 141399 b,,,,
HD 141399 c,,,,
HD 141399 d,,,,
HD 141399 e,,,,
HD 142245 b,19.0,Johnson 2011,4.8,http://adsabs.harvard.edu/abs/2011ApJS..197...26J
HD 143761 b,,,,
HD 143761 c,,,,
HD 147873 b,,,,
HD 147873 c,,,,
HD 155233 b,,Wittenmyer 2016,10.9,http://adsabs.harvard.edu/abs/2016MNRAS.455.1398W
HD 156668 b,86.0,Howard 2011,1.74,http://adsabs.harvard.edu/abs/2011ApJ...726...73H
HD 1605 b,92.0,Harakawa 2015,6.4,http://adsabs.harvard.edu/abs/2015ApJ...806....5H
HD 1605 c,92.0,Harakawa 2015,6.4,http://adsabs.harvard.edu/abs/2015ApJ...806....5H
HD 162004 b,,,,
HD 164595 b,,,,
HD 165155 b,,,,
HD 1666 b,99.0,Harakawa 2015,35.6,http://adsabs.harvard.edu/abs/2015ApJ...806....5H
HD 175370 b,,,,
HD 208527 b,24.0,Lee 2013,,http://adsabs.harvard.edu/abs/2013A%26A...549A...2L
HD 216536 b,47.0,Niedzielski 2015,23.0,http://adsabs.harvard.edu/abs/2015ApJ...803....1N
HD 222076 b,,,,
HD 224538 b,,,,
HD 24064 b,20.0,Lee 2015,34.5,http://adsabs.harvard.edu/abs/2015A%26A...584A..79L
HD 2952 b,,Sato 2013,12.4,http://adsabs.harvard.edu/abs/2013arXiv1304.4328S
HD 32963 b,109.0,Rowan 2016,2.64,http://adsabs.harvard.edu/abs/2016ApJ...817..104R
HD 33564 b,15.0,Galland 2005,6.7,http://adsabs.harvard.edu/abs/2005A%26A...444L..21G
HD 33844 b,67.0,Wittenmyer 2016,,http://adsabs.harvard.edu/abs/2016ApJ...818...35W
HD 33844 c,67.0,Wittenmyer 2016,,http://adsabs.harvard.edu/abs/2016ApJ...818...35W
HD 41004 B b,,,,
HD 42618 b,,,,
HD 47366 b,,,,
HD 47366 c,,,,
HD 67087 b,51.0,Harakawa 2015,11.8,http://adsabs.harvard.edu/abs/2015ApJ...806....5H
HD 67087 c,,,,
HD 68402 b,,,,
HD 72892 b,,,,
HD 75784 b,41.0,Giguere 2015,4.63,http://adsabs.harvard.edu/abs/2015ApJ...799...89G
HD 75784 c,,,,
HD 86950,,,,
HD 87646A b,,,,
HD 87646A c,,,,
HD 9174 b,,,,
HD 95127 b,41.0,Niedzielski 2015,50.9,http://adsabs.harvard.edu/abs/2015ApJ...803....1N
HD 95872 b,7.0,Endl 2016,7.9,http://adsabs.harvard.edu/abs/2016ApJ...818...34E
HIP 105854 b,49.0,Jones 2014,,http://adsabs.harvard.edu/abs/2014A%26A...566A.113J
HIP 63242 b,,,,
HIP 65891 b,,,,
HIP 67851 b,60.0,Jones 2014,9.4,http://adsabs.harvard.edu/abs/2015A%26A...573A...3J
HIP 67851 c,,,,
HIP 68468 b,,,,
HIP 68468 c,,,,
HIP 74890 b,,,,
HIP 8541 b,,,,
HIP 97233 b,41.0,Jones 2014,10.1,http://adsabs.harvard.edu/abs/2015A%26A...573A...3J
KELT-4A b,,,,
Kepler-25 d,,,,
Kepler-424 c,27.0,Endl 2014,,http://adsabs.harvard.edu/abs/2014ApJ...795..151E
Kepler-454 c,,,,
Kepler-48 e,,,,
Kepler-68 d,52.0,Gilliland 2013,,http://adsabs.harvard.edu/abs/2013ApJ...766...40G
Kepler-88 c,,,,
Kepler-94 c,,,,
KOI-1299 c,,,,
Pr 0201 b,,,,
Pr 0211 b,,,,
Pr 0211 c,,,,
sig Per b,,,,
tau Gem b,,,,
TYC-3667-1280-1 b,,,,
WASP-53 c,,,,
WASP-157 b,,,,
YBP1194 b,,,,
YBP1514 b,,,,
HD 110833 b,,,,
HD 112758 b,,,,
HD 127506 b,,,,
HD 140913 b,,,,
HD 174457 b,,,,
HD 18445 b,,,,
HD 29587 b,,,,
HD 30339 b,,,,
HD 65430 b,,,,
EPIC 248435473 e,,,,
EPIC 248435473 d,,,,
EPIC 248435473 c,,,,
EPIC 248435473 b,,,,
HATS-59 c,,,,
24 Boo b,,,,
gamma Lib b,,,,
gamma Lib c,,,,
eps Ind A b,,,,
HD 158996 b,,,,
HD 215152 e,,,,
HD 215152 b,,,,
TYC 3318-01333-1 b,,,,
HD 238914 b,,,,
HIP 57050 c,,,,
HD 147379 b,,,,
HD 176986 c,,,,
HD 176986 b,,,,
HD 76920 b,,,,
Ross 128 b,,,,
HD 113996 b,,,,
HD 111591 b,,,,
HD 40956 b,,,,
HD 34445 g,,,,
HD 34445 f,,,,
HD 34445 e,,,,
HD 34445 d,,,,
HD 34445 c,,,,
GJ 3942 b,,,,
EPIC 210894022 b,,,,
YZ Cet d,,,,
YZ Cet c,,,,
YZ Cet b,,,,
tau Cet g,,,,
tau Cet h,,,,
HD 208897 b,,,,
K2-18 c,,,,
BD +03 2562 b,,,,
TYC 4282-605-1 b,,,,
HD 42012 b,,,,
HD 29021 b,,,,
HD 3167 d,,,,
HD 27894 d,,,,
HD 27894 c,,,,
HD 20794 e,,,,
AS 205 A b,,,,
GJ 625 b,,,,
Kepler-19 d,,,,
GJ 3323 b,,,,
GJ 3323 c,,,,
GJ 3138 d,,,,
GJ 273 c,,,,
GJ 273 b,,,,
GJ 3138 c,,,,
GJ 3138 b,,,,
GJ 3293 e,,,,
HD 17674 b,,,,
Lalande 21185 b,,,,
TAP 26 b,,,,
HD 86950 b,,,,
HD 87646 A c,,,,
HD 87646 A b,,,,
GJ 536 b,,,,
CI Tau b,,,,
WASP-81 b,,,,
Proxima Cen b,,,,
V830 Tau b,,,,
YBP401 b,,,,
